{
  "streamlit_app.py": 1775713987.9064772,
  "scripts\\dedupe_restaurants_db.py": 1775713992.1425586,
  "scripts\\ingest_restaurants.py": 1775556547.876787,
  "scripts\\run_dummy_llm_request.py": 1775563810.8056996,
  "scripts\\run_phase5_evaluation.py": 1775561790.954138,
  "src\\__init__.py": 1775556611.7277899,
  "src\\phase_0_foundation\\api_health.py": 1775556449.0075438,
  "src\\phase_0_foundation\\core_config.py": 1775713984.7664251,
  "src\\phase_0_foundation\\main.py": 1775556459.1308715,
  "src\\phase_0_foundation\\model_health.py": 1775556443.213001,
  "src\\phase_0_foundation\\service_llm.py": 1775556455.5259926,
  "src\\phase_0_foundation\\__init__.py": 1775556253.8199859,
  "src\\phase_1_ingestion\\data_ingestion.py": 1775631169.6458664,
  "src\\phase_1_ingestion\\model_restaurant.py": 1775556469.109409,
  "src\\phase_1_ingestion\\script_ingest_restaurants.py": 1775556500.833577,
  "src\\phase_1_ingestion\\__init__.py": 1775556285.390941,
  "src\\phase_2_retrieval\\api_recommendations.py": 1775556538.6900966,
  "src\\phase_2_retrieval\\main.py": 1775713833.9049869,
  "src\\phase_2_retrieval\\model_recommendation.py": 1775564228.0096955,
  "src\\phase_2_retrieval\\service_retrieval.py": 1775630259.7411454,
  "src\\phase_2_retrieval\\__init__.py": 1775556299.6017034,
  "src\\phase_3_llm\\api_llm_recommendations.py": 1775557724.7981293,
  "src\\phase_3_llm\\model_llm_recommendation.py": 1775557183.0640955,
  "src\\phase_3_llm\\service_llm_recommender.py": 1775582807.0871263,
  "src\\phase_3_llm\\__init__.py": 1775557133.5604415,
  "src\\phase_4_api_ux\\api_api_ux.py": 1775632031.7728136,
  "src\\phase_4_api_ux\\model_api_ux.py": 1775631947.0074062,
  "src\\phase_4_api_ux\\service_api_ux.py": 1775632016.1586456,
  "src\\phase_4_api_ux\\__init__.py": 1775560581.9850402,
  "src\\phase_4_api_ux\\frontend\\app.js": 1775632439.0411174,
  "src\\phase_5_evaluation\\service_evaluation.py": 1775563890.019184,
  "src\\phase_5_evaluation\\__init__.py": 1775561596.468088,
  "tests\\test_env_diagnostics.py": 1775557551.0185778,
  "tests\\test_health.py": 1775556554.5580044,
  "tests\\test_ingestion.py": 1775556557.5762014,
  "tests\\test_llm_live_integration.py": 1776070624.8889976,
  "tests\\test_llm_recommender.py": 1775564769.1614413,
  "tests\\test_phase1_dedupe.py": 1775713992.2618904,
  "tests\\test_phase4_api_ux.py": 1775632041.7220848,
  "tests\\test_phase5_evaluation.py": 1775561751.37303,
  "tests\\test_phaseb_preferences.py": 1775564258.1910312,
  "tests\\test_phase_d_regression_gate.py": 1775564846.8174736,
  "tests\\test_recommendations_api.py": 1775563796.168419,
  "tests\\test_retrieval_rating_guard.py": 1775629400.4301152,
  "web\\postcss.config.js": 1775627624.7797353,
  "web\\tailwind.config.js": 1775627624.7807343,
  "web\\vite.config.js": 1775580148.3895774,
  "web\\src\\main.js": 1776070624.8889976,
  "README.md": 1776070624.8899937,
  "requirements.txt": 1775713842.273249,
  "design\\DESIGN.md": 1775627268.2990425,
  "docs\\architecture.md": 1776070624.8889976,
  "docs\\improvements.md": 1775563136.9695163,
  "docs\\problemstatement.md": 1775551807.4165695,
  "docs\\project_handoff.md": 1776070624.8889976,
  "docs\\tracklog.md": 1776070624.8899937,
  "src\\README.md": 1775579667.3519962,
  "src\\phase_3_llm\\prompts\\system_v1.txt": 1775582806.9854164,
  "design\\screen.png": 1775627268.283154,
  "web\\public\\design\\screen.png": 1775627268.283154,
  "web\\public\\design\\screen2.png": 1775577958.2453036,
  "web\\public\\design\\screen3.png": 1775577970.1190987
}